<?xml version="1.0" encoding="UTF-8"?>
<project-private xmlns="http://www.netbeans.org/ns/project-private/1">
    <editor-bookmarks xmlns="http://www.netbeans.org/ns/editor-bookmarks/2" lastBookmarkId="0"/>
    <open-files xmlns="http://www.netbeans.org/ns/projectui-open-files/2">
        <group name="praktikum">
            <file>file:/D:/COOLYEAH/.SEMESTER%203/PRAKTIKUM%20PBO/Praktikum/Aplikasi%20Penghitung%20BMI/build.xml</file>
            <file>file:/D:/COOLYEAH/.SEMESTER%203/PRAKTIKUM%20PBO/Praktikum/Aplikasi%20Penghitung%20BMI/src/aplikasi/penghitung/bmi/bmi.java</file>
        </group>
    </open-files>
</project-private>
